Song Name,Instagram
Outsider,https://www.instagram.com/kaylacariaga/?hl=en
Keep On Drivin' (Til There's No More Car),https://www.instagram.com/bloodpumps
honest,flakmusic_
Repeat,https:/www.instagram.com/guthrie_galileo
California Sunshine,https://www.instagram.com/michaelcunningham7031/
Extinction,https://www.instagram.com/trautweinalex/
Na Na Na,https://www.instagram.com/djmarlonlira
peace and quiet,https://www.instagram.com/gef_music/
Full Control?,https://www.instagram.com/portlucian/
Feel Again,https://www.instagram.com/lucyclearwater/
Feel,https://www.instagram.com/underway_project/
Langur,https://instagram.com/sweetcrudeband?igshid=4rcho5i92t6l
Desires,https://www.instagram.com/dalidream_/
Bright Side,https://www.instagram.com/iamcocoblunt/?hl=it
Good Enough,http://instagram.com/lithoneyproductions